"title, latest episode"
,
The Last of Us,Latest Episode: Feb 26
Outer Banks,Latest Episode: Feb 23
The Order,Not shown
The Consultant,Latest Episode: Feb 24
Red Rose,Not shown
Poker Face,Latest Episode: Feb 23
Die Hart,Not shown
The Chosen,Not shown
You,Latest Episode: Feb 09
C.B. Strike,Latest Episode: Dec 19
Shrinking,Latest Episode: Feb 24
Party Down,Latest Episode: Feb 24
Carnival Row,Latest Episode: Feb 24
Hello Tomorrow!,Latest Episode: Feb 24
The Devil's Hour,Not shown
Triptych,Latest Episode: Feb 22
Cunk on Earth,Not shown
Extraordinary,Latest Episode: Jan 25
The Last Kingdom,Not shown
Star Trek: Picard,Latest Episode: Feb 23
Katla,Not shown
The White Lotus,Latest Episode: Dec 11
Velma,Latest Episode: Feb 09
Lockwood & Co.,Latest Episode: Jan 27
Mayor of Kingstown,Latest Episode: Feb 26
The Snow Girl,Latest Episode: Jan 27
Your Honor,Latest Episode: Feb 26
Clarkson's Farm,Latest Episode: Feb 10
The Lord of the Rings: The Rings of Power,Not shown
1923,Latest Episode: Feb 26
